Date,Close/Last,Volume,Open,High,Low,Close,SMA_5,SMA_10,SMA_20,EMA_5,EMA_10,EMA_20,RSI,Daily_Return,MACD,MACD_Signal,MACD_Histogram,Bollinger_Middle,Bollinger_Std,Bollinger_Upper,Bollinger_Lower,ATR,OBV,Sentiment
2024-05-20,$191.04,44361280,189.325,191.92,189.01,191.04,,,,191.04,191.04,191.04,,,0.0,0.0,0.0,,,,,,0.0,-0.048
2024-05-21,$192.35,42309400,191.09,192.73,190.92,192.35,,,,191.477,191.278,191.165,100.0,0.686,0.105,0.021,0.084,,,,,,42309400.0,-0.299
2024-05-22,$190.90,34648550,192.265,192.823,190.27,190.9,,,,191.284,191.209,191.14,92.154,-0.754,0.07,0.031,0.039,,,,,,7660850.0,0.039
2024-05-23,$186.88,51005920,190.98,191.0,186.625,186.88,,,,189.816,190.422,190.734,74.663,-2.106,-0.279,-0.031,-0.248,,,,,,-43345070.0,-0.171
2024-05-24,$189.98,36326980,188.82,190.58,188.04,189.98,190.23,,,189.871,190.342,190.662,78.113,1.659,-0.302,-0.085,-0.217,,,,,,-7018090.0,-0.125
2024-05-28,$189.99,52280050,191.51,193.0,189.1,189.99,190.02,,,189.911,190.278,190.598,78.123,0.005,-0.316,-0.131,-0.185,,,,,,45261960.0,-0.436
2024-05-29,$190.29,53068020,189.61,192.247,189.51,190.29,189.608,,,190.037,190.28,190.569,78.452,0.158,-0.299,-0.165,-0.134,,,,,,98329980.0,-0.045
2024-05-30,$191.29,49947940,190.76,192.18,190.63,191.29,189.686,,,190.455,190.464,190.637,79.556,0.526,-0.203,-0.173,-0.03,,,,,,148277920.0,-0.242
2024-05-31,$192.25,75158280,191.44,192.57,189.91,192.25,190.76,,,191.053,190.788,190.791,80.585,0.502,-0.048,-0.148,0.1,,,,,,223436200.0,0.253
2024-06-03,$194.03,50080540,192.9,194.99,192.52,194.03,191.57,190.9,,192.045,191.378,191.099,82.357,0.926,0.215,-0.075,0.29,,,,,,273516740.0,-0.977
2024-06-04,$194.35,47471450,194.635,195.32,193.034,194.35,192.442,191.231,,192.814,191.918,191.409,82.664,0.165,0.445,0.029,0.416,,,,,,320988190.0,0.117
2024-06-05,$195.87,54156790,195.4,196.9,194.87,195.87,193.558,191.583,,193.832,192.637,191.834,84.078,0.782,0.741,0.171,0.57,,,,,,375144980.0,-0.573
2024-06-06,$194.48,41181750,195.685,196.5,194.17,194.48,194.196,191.941,,194.048,192.972,192.086,77.825,-0.71,0.853,0.308,0.545,,,,,,333963230.0,0.126
2024-06-07,$196.89,53103910,194.65,196.94,194.14,196.89,195.124,192.942,,194.996,193.684,192.543,80.529,1.239,1.124,0.471,0.653,,,,,2.803,387067140.0,0.21
2024-06-10,$193.12,97262080,196.9,197.3,192.15,193.12,194.942,193.256,,194.37,193.582,192.598,66.806,-1.915,1.023,0.581,0.442,,,,,2.963,289805060.0,-0.19
2024-06-11,$207.15,172373300,193.65,207.16,193.63,207.15,197.502,194.972,,198.63,196.049,193.984,80.276,7.265,2.051,0.875,1.176,,,,,3.837,462178360.0,0.1
2024-06-12,$213.07,198134300,207.37,220.2,206.9,213.07,200.942,197.25,,203.443,199.143,195.802,83.347,2.858,3.305,1.361,1.944,,,,,4.604,660312660.0,0.0
2024-06-13,$214.24,97862730,214.74,216.75,211.6,214.24,204.894,199.545,,207.042,201.888,197.558,83.881,0.549,4.343,1.958,2.385,,,,,4.66,758175390.0,0.124
2024-06-14,$212.49,70122750,213.85,215.17,211.3,212.49,208.014,201.569,,208.858,203.816,198.98,79.76,-0.817,4.968,2.56,2.408,,,,,4.672,688052640.0,0.11
2024-06-17,$216.67,93728300,213.37,218.95,212.72,216.67,212.724,203.833,197.366,211.462,206.153,200.665,82.031,1.967,5.734,3.195,2.539,197.366,9.505,216.376,178.356,4.855,781780940.0,0.093
2024-06-18,$214.29,79943250,217.59,218.63,213.0,214.29,214.152,205.827,198.529,212.405,207.632,201.962,76.751,-1.098,6.079,3.771,2.308,198.529,10.094,218.717,178.341,5.061,701837690.0,-0.058
2024-06-20,$209.68,86172450,213.93,214.24,208.85,209.68,213.474,207.208,199.396,211.497,208.005,202.697,67.666,-2.151,5.912,4.2,1.712,199.396,10.278,219.952,178.84,5.315,615665240.0,0.722
2024-06-21,$207.49,246421400,210.39,211.89,207.11,207.49,212.124,208.509,200.225,210.161,207.911,203.154,63.802,-1.044,5.54,4.468,1.072,200.225,10.225,220.675,179.775,5.466,369243840.0,0.855
2024-06-24,$208.14,80727010,207.72,212.7,206.59,208.14,211.254,209.634,201.288,209.487,207.953,203.629,64.451,0.313,5.236,4.621,0.615,201.288,9.864,221.016,181.56,5.707,449970850.0,0.279
2024-06-25,$209.07,56713870,209.15,211.38,208.61,209.07,209.734,211.229,202.242,209.348,208.156,204.147,65.406,0.447,5.013,4.7,0.313,202.242,9.633,221.508,182.976,5.775,506684720.0,0.189
2024-06-26,$213.25,66213190,211.5,214.86,210.64,213.25,209.526,211.839,203.406,210.649,209.082,205.014,69.389,1.999,5.115,4.783,0.332,203.406,9.479,222.364,184.448,6.006,572897910.0,0.168
2024-06-27,$214.10,49772710,214.69,215.74,212.35,214.1,210.41,211.942,204.596,211.799,209.994,205.879,70.141,0.399,5.204,4.867,0.337,204.596,9.237,223.07,186.122,6.082,622670620.0,-0.065
2024-06-28,$210.62,82542720,215.77,216.07,210.3,210.62,211.036,211.58,205.562,211.406,210.108,206.331,63.281,-1.625,4.937,4.881,0.056,205.562,8.771,223.104,188.02,6.294,540127900.0,0.254
2024-07-01,$216.75,60402930,212.09,217.51,211.92,216.75,212.758,212.006,206.788,213.187,211.316,207.323,69.028,2.91,5.16,4.937,0.223,206.788,8.521,223.83,189.746,6.419,600530830.0,-0.069
2024-07-02,$220.27,58046180,216.15,220.38,215.1,220.27,214.998,212.366,208.099,215.548,212.944,208.556,71.761,1.624,5.557,5.061,0.496,208.099,8.473,225.045,191.153,5.793,658577010.0,0.178
2024-07-03,$221.55,37369800,220.0,221.55,219.03,221.55,216.658,213.092,209.46,217.549,214.509,209.794,72.704,0.581,5.907,5.23,0.677,209.46,8.332,226.124,192.796,5.023,695946810.0,0.214
2024-07-05,$226.34,60412410,221.65,226.45,221.65,226.34,219.106,214.758,210.983,220.479,216.66,211.369,75.942,2.162,6.496,5.483,1.013,210.983,8.5,227.983,193.983,5.005,756359220.0,-0.297
2024-07-08,$227.82,59085860,227.09,227.85,223.25,227.82,222.546,216.791,212.65,222.926,218.689,212.936,76.856,0.654,7.001,5.787,1.214,212.65,8.362,229.374,195.926,5.057,815445080.0,-0.144
2024-07-09,$228.68,48169820,227.93,229.4,226.372,228.68,224.932,218.845,214.24,224.844,220.505,214.436,77.393,0.377,7.386,6.107,1.279,214.24,8.229,230.698,197.782,4.812,863614900.0,-0.119
2024-07-10,$232.98,62627690,229.3,233.08,229.25,232.98,227.474,221.236,216.232,227.556,222.774,216.202,79.905,1.88,7.947,6.475,1.472,216.232,7.651,231.534,200.93,4.724,926242590.0,0.054
2024-07-11,$227.57,64710620,231.39,232.39,225.77,227.57,228.678,222.668,217.254,227.561,223.646,217.284,69.45,-2.322,7.863,6.752,1.111,217.254,7.737,232.728,201.78,4.851,861531970.0,-0.026
2024-07-12,$230.54,53046530,228.92,232.64,228.68,230.54,229.518,224.312,218.127,228.554,224.899,218.547,71.643,1.305,7.946,6.991,0.955,218.127,8.212,234.551,201.703,4.871,914578500.0,0.035
2024-07-15,$234.40,62631250,236.48,237.23,233.09,234.4,230.834,226.69,219.135,230.503,226.627,220.057,74.233,1.674,8.227,7.238,0.989,219.135,8.917,236.969,201.301,4.913,977209750.0,0.121
2024-07-16,$234.82,43234280,235.0,236.27,232.33,234.82,232.062,228.497,220.252,231.942,228.116,221.463,74.506,0.179,8.388,7.468,0.92,220.252,9.424,239.1,201.404,4.963,1020444030.0,0.24
2024-07-17,$228.88,57345880,229.45,231.46,226.64,228.88,231.242,229.358,220.862,230.921,228.255,222.169,64.16,-2.53,7.944,7.563,0.381,220.862,9.574,240.01,201.714,5.133,963098150.0,-0.597
2024-07-18,$224.18,66034590,230.28,230.44,222.27,224.18,230.564,229.621,221.356,228.674,227.514,222.361,57.371,-2.053,7.131,7.477,-0.346,221.356,9.472,240.3,202.412,5.475,897063560.0,0.838
2024-07-19,$224.31,49151450,224.82,226.8,223.275,224.31,229.318,229.418,222.088,227.219,226.932,222.546,57.505,0.058,6.423,7.266,-0.843,222.088,9.079,240.246,203.93,5.314,946215010.0,-0.042
2024-07-22,$223.96,48201840,227.01,227.78,223.09,223.96,227.23,229.032,222.912,226.133,226.391,222.681,56.986,-0.156,5.767,6.966,-1.199,222.912,8.408,239.728,206.096,5.157,898013170.0,-0.122
2024-07-23,$225.01,39960260,224.365,226.94,222.68,225.01,225.268,228.665,223.755,225.759,226.14,222.903,58.205,0.469,5.272,6.627,-1.355,223.755,7.661,239.077,208.433,5.084,937973430.0,0.071
2024-07-24,$218.54,61777580,224.0,224.8,217.13,218.54,223.2,227.221,224.228,223.352,224.758,222.487,48.992,-2.875,4.307,6.163,-1.856,224.228,6.967,238.162,210.294,5.467,876195850.0,-0.162
2024-07-25,$217.49,51391200,218.93,220.85,214.62,217.49,221.862,226.213,224.44,221.398,223.437,222.011,47.673,-0.48,3.419,5.614,-2.195,224.44,6.673,237.786,211.094,5.562,824804650.0,0.182
2024-07-26,$217.96,41601350,218.7,219.49,216.01,217.96,220.592,224.955,224.633,220.252,222.441,221.625,48.343,0.216,2.721,5.036,-2.315,224.633,6.409,237.451,211.815,5.482,866406000.0,-0.159
2024-07-29,$218.24,36311780,216.96,219.3,215.75,218.24,219.448,223.339,225.014,219.581,221.677,221.303,48.764,0.128,2.166,4.462,-2.296,225.014,5.722,236.458,213.57,5.52,902717780.0,-0.015
2024-07-30,$218.80,41643840,219.19,220.325,216.12,218.8,218.206,221.737,225.117,219.321,221.154,221.065,49.648,0.257,1.751,3.92,-2.169,225.117,5.583,236.283,213.951,5.506,944361620.0,0.005
2024-07-31,$222.08,50036260,221.44,223.82,220.63,222.08,218.914,221.057,225.208,220.241,221.322,221.161,54.591,1.499,1.667,3.469,-1.802,225.208,5.514,236.236,214.18,5.349,994397880.0,-0.295
2024-08-01,$218.36,62501000,224.37,224.48,217.02,218.36,219.088,220.475,225.048,219.614,220.784,220.895,48.747,-1.675,1.286,3.033,-1.747,225.048,5.67,236.388,213.708,5.52,931896880.0,0.255
2024-08-02,$219.86,105568600,219.15,225.6,217.71,219.86,219.468,220.03,224.724,219.696,220.616,220.796,51.023,0.687,1.092,2.644,-1.552,224.724,5.776,236.276,213.172,5.606,1037465480.0,0.03
2024-08-05,$209.27,119548600,199.09,213.5,196.0,209.27,217.674,218.561,223.796,216.221,218.553,219.698,38.142,-4.817,0.083,2.132,-2.049,223.796,6.673,237.142,210.45,7.029,917916880.0,-0.002
2024-08-06,$207.23,69660490,205.3,209.99,201.07,207.23,215.36,216.783,222.724,213.224,216.494,218.511,36.243,-0.975,-0.871,1.531,-2.402,222.724,7.517,237.758,207.69,7.081,848256390.0,-0.059
2024-08-07,$209.82,63516420,206.9,213.64,206.39,209.82,212.908,215.911,221.566,212.089,215.281,217.683,40.305,1.25,-1.402,0.945,-2.347,221.566,7.637,236.84,206.292,7.016,911772810.0,0.052
2024-08-08,$213.31,47161150,213.11,214.2,208.83,213.31,211.898,215.493,220.853,212.496,214.922,217.267,45.357,1.663,-1.523,0.451,-1.974,220.853,7.712,236.277,205.429,7.147,958933960.0,0.023
2024-08-09,$216.24,42201650,212.1,216.78,211.97,216.24,211.174,215.321,220.138,213.744,215.162,217.169,49.241,1.374,-1.368,0.087,-1.455,220.138,7.424,234.986,205.29,7.156,1001135610.0,-0.779
2024-08-12,$217.53,38028090,216.07,219.51,215.6,217.53,212.826,215.25,219.295,215.006,215.593,217.203,50.896,0.597,-1.127,-0.155,-0.972,219.295,6.635,232.565,206.025,7.131,1039163700.0,-0.104
2024-08-13,$221.27,44155330,219.01,221.89,219.01,221.27,215.634,215.497,218.617,217.094,216.625,217.591,55.433,1.719,-0.627,-0.25,-0.377,218.617,5.573,229.763,207.471,6.88,1083319030.0,-0.017
2024-08-14,$221.72,41960570,220.57,223.03,219.7,221.72,218.014,215.461,218.259,218.636,217.551,217.984,55.96,0.203,-0.193,-0.238,0.045,218.259,5.088,228.435,208.083,6.672,1125279600.0,0.997
2024-08-15,$224.72,46414010,224.6,225.35,222.76,224.72,220.296,216.097,218.286,220.664,218.855,218.625,59.407,1.353,0.389,-0.113,0.502,218.286,5.122,228.53,208.042,6.683,1171693610.0,0.309
2024-08-16,$226.05,44340240,223.92,226.827,223.65,226.05,222.258,216.716,218.373,222.459,220.163,219.333,60.87,0.592,0.947,0.099,0.848,218.373,5.243,228.859,207.887,6.657,1216033850.0,0.137
2024-08-19,$225.89,40687810,225.72,225.99,223.04,225.89,223.93,218.378,218.47,223.603,221.204,219.957,60.587,-0.071,1.36,0.351,1.009,218.47,5.368,229.206,207.734,6.571,1175346040.0,-0.467
2024-08-20,$226.51,30299030,225.77,227.17,225.45,226.51,224.978,220.306,218.545,224.572,222.169,220.581,61.337,0.274,1.718,0.625,1.093,218.545,5.473,229.491,207.599,6.335,1205645070.0,-0.028
2024-08-21,$226.40,34765480,226.52,227.98,225.05,226.4,225.914,221.964,218.938,225.181,222.938,221.135,61.115,-0.049,1.97,0.894,1.076,218.938,5.748,230.434,207.442,6.012,1170879590.0,0.04
2024-08-22,$224.53,43695320,227.79,228.34,223.9,224.53,225.876,223.086,219.29,224.964,223.228,221.459,57.315,-0.826,1.995,1.114,0.881,219.29,5.869,231.028,207.552,5.765,1127184270.0,-0.231
2024-08-23,$226.84,38677250,225.659,228.22,224.33,226.84,226.034,224.146,219.734,225.589,223.884,221.971,60.576,1.029,2.177,1.327,0.85,219.734,6.095,231.924,207.544,4.339,1165861520.0,0.094
2024-08-26,$227.18,30602210,226.76,227.28,223.89,227.18,226.292,225.111,220.18,226.12,224.484,222.467,61.047,0.15,2.322,1.526,0.796,220.18,6.304,232.788,207.572,3.944,1196463730.0,0.105
2024-08-27,$228.03,35934560,225.995,228.85,224.89,228.03,226.596,225.787,220.642,226.756,225.128,222.997,62.263,0.374,2.477,1.716,0.761,220.642,6.531,233.704,207.58,3.709,1232398290.0,-0.06
2024-08-28,$226.49,38052170,227.92,229.86,225.68,226.49,226.614,226.264,220.862,226.668,225.376,223.33,58.69,-0.675,2.447,1.862,0.585,220.862,6.655,234.172,207.552,3.624,1194346120.0,-0.13
2024-08-29,$229.79,51906300,230.1,232.92,228.88,229.79,227.666,226.771,221.434,227.708,226.179,223.945,63.521,1.457,2.659,2.022,0.637,221.434,6.915,235.264,207.604,3.74,1246252420.0,0.056
2024-08-30,$229.00,52990770,230.19,230.4,227.48,229.0,228.098,227.066,221.891,228.139,226.692,224.426,61.662,-0.344,2.731,2.163,0.568,221.891,7.105,236.101,207.681,3.669,1193261650.0,-0.836
2024-09-03,$222.77,50190570,228.55,229.0,221.17,222.77,227.216,226.754,222.566,226.349,225.979,224.269,49.387,-2.721,2.26,2.183,0.077,222.566,6.454,235.474,209.658,3.917,1143071080.0,-0.183
2024-09-04,$220.85,43840200,221.66,221.78,217.48,220.85,225.78,226.188,223.247,224.516,225.046,223.943,46.326,-0.862,1.712,2.089,-0.377,223.247,5.38,234.007,212.487,4.057,1099230880.0,-0.217
2024-09-05,$222.38,36615400,221.625,225.48,221.52,222.38,224.958,225.786,223.875,223.804,224.561,223.794,49.036,0.693,1.386,1.948,-0.562,223.875,4.368,232.611,215.139,4.128,1135846280.0,0.023
2024-09-06,$220.82,48423010,223.95,225.24,219.77,220.82,223.164,225.415,224.251,222.809,223.881,223.511,46.46,-0.702,0.989,1.756,-0.767,224.251,3.681,231.613,216.889,4.292,1087423270.0,-0.254
2024-09-09,$220.91,67179970,220.82,221.27,216.71,220.91,221.546,224.822,224.484,222.176,223.341,223.263,46.634,0.041,0.675,1.54,-0.865,224.484,3.271,231.026,217.942,4.403,1154603240.0,-0.033
2024-09-10,$220.11,51591030,218.92,221.48,216.73,220.11,221.014,224.115,224.613,221.488,222.753,222.963,45.226,-0.362,0.357,1.303,-0.946,224.613,3.024,230.661,218.565,4.619,1103012210.0,-0.007
2024-09-11,$222.66,44587070,221.455,223.09,217.89,222.66,221.376,223.578,224.683,221.878,222.736,222.934,50.371,1.159,0.307,1.104,-0.797,224.683,2.959,230.601,218.765,4.781,1147599280.0,0.087
2024-09-12,$222.77,37498230,222.5,223.55,219.82,222.77,221.454,223.206,224.735,222.176,222.743,222.918,50.587,0.049,0.273,0.938,-0.665,224.735,2.912,230.559,218.911,4.731,1185097510.0,0.049
2024-09-13,$222.50,36766620,223.58,224.04,221.91,222.5,221.79,222.477,224.624,222.284,222.698,222.879,50.013,-0.121,0.222,0.795,-0.573,224.624,2.955,230.534,218.714,4.605,1148330890.0,-0.342
2024-09-16,$216.32,59357430,216.54,217.22,213.92,216.32,220.872,221.209,224.138,220.296,221.539,222.254,39.075,-2.778,-0.313,0.573,-0.886,224.138,3.465,231.068,217.208,4.976,1088973460.0,0.192
2024-09-17,$216.79,45519340,215.75,216.9,214.5,216.79,220.208,220.611,223.683,219.127,220.675,221.734,40.147,0.217,-0.692,0.32,-1.012,223.683,3.803,231.289,216.077,4.864,1134492800.0,0.04
2024-09-18,$220.69,59894930,217.55,222.71,217.54,220.69,219.814,220.595,223.392,219.648,220.678,221.634,48.28,1.799,-0.669,0.122,-0.791,223.392,3.798,230.988,215.796,4.989,1194387730.0,-0.21
2024-09-19,$228.87,66781320,224.99,229.82,224.63,228.87,221.034,221.244,223.515,222.722,222.167,222.323,60.426,3.707,0.008,0.099,-0.091,223.515,3.939,231.393,215.637,5.181,1261169050.0,0.118
2024-09-20,$228.20,318679900,229.97,233.09,227.62,228.2,222.174,221.982,223.698,224.548,223.264,222.883,59.199,-0.293,0.486,0.177,0.309,223.698,4.072,231.842,215.554,5.364,942489150.0,-0.272
2024-09-23,$226.47,54146020,227.34,229.45,225.81,226.47,224.204,222.538,223.68,225.189,223.847,223.225,56.037,-0.758,0.716,0.285,0.431,223.68,4.058,231.796,215.564,5.064,888343130.0,-0.25
2024-09-24,$227.37,43556070,228.645,229.35,225.73,227.37,226.32,223.264,223.69,225.916,224.488,223.619,57.315,0.397,0.961,0.42,0.541,223.69,4.066,231.822,215.558,4.945,931899200.0,0.043
2024-09-25,$226.37,42308720,224.93,227.29,224.02,226.37,227.456,223.635,223.606,226.067,224.83,223.881,55.389,-0.44,1.061,0.548,0.513,223.606,3.989,231.584,215.628,4.854,889590480.0,0.201
2024-09-26,$227.52,36636710,227.3,228.5,225.41,227.52,227.186,224.11,223.658,226.551,225.319,224.228,57.171,0.508,1.22,0.682,0.538,223.658,4.035,231.728,215.588,4.684,926227190.0,-0.197
2024-09-27,$227.79,34025970,228.46,229.52,227.3,227.79,227.104,224.639,223.558,226.964,225.768,224.567,57.599,0.119,1.351,0.816,0.535,223.558,3.897,231.352,215.764,4.516,960253160.0,0.061
2024-09-30,$233.00,54793390,230.04,233.0,229.65,233.0,228.41,226.307,223.758,228.976,227.083,225.37,64.895,2.287,1.855,1.024,0.831,223.758,4.276,232.31,215.206,4.549,1015046550.0,-0.454
2024-10-01,$226.21,63285050,229.52,229.65,223.74,226.21,228.178,227.249,223.93,228.054,226.924,225.45,52.272,-2.914,1.687,1.157,0.53,223.93,4.303,232.536,215.324,4.839,951761500.0,0.142
2024-10-02,$226.78,32880610,225.89,227.37,223.02,226.78,228.26,227.858,224.226,227.629,226.898,225.577,53.097,0.252,1.581,1.241,0.34,224.226,4.284,232.794,215.658,4.884,984642110.0,0.149
2024-10-03,$225.67,34044160,225.14,226.805,223.32,225.67,227.89,227.538,224.391,226.976,226.675,225.586,51.24,-0.489,1.392,1.272,0.12,224.391,4.272,232.935,215.847,4.98,950597950.0,-0.132
2024-10-04,$226.80,37345100,227.9,228.0,224.13,226.8,227.692,227.398,224.69,226.918,226.698,225.701,53.04,0.501,1.318,1.281,0.037,224.69,4.218,233.126,216.254,4.644,987943050.0,-0.023
2024-10-07,$221.69,39505350,224.5,225.69,221.33,221.69,225.43,226.92,224.729,225.175,225.787,225.319,44.956,-2.253,0.837,1.192,-0.355,224.729,4.185,233.099,216.359,4.863,948437700.0,0.225
2024-10-08,$225.77,31855690,224.3,225.98,223.25,225.77,225.342,226.76,225.012,225.373,225.784,225.362,51.334,1.84,0.776,1.109,-0.333,225.012,4.045,233.102,216.922,4.747,980293390.0,0.189
2024-10-09,$229.54,33591090,225.23,229.75,224.83,229.54,225.894,227.077,225.356,226.762,226.467,225.76,56.365,1.67,1.021,1.091,-0.07,225.356,4.126,233.608,217.104,4.446,1013884480.0,-0.694
2024-10-10,$229.04,28183540,227.78,229.5,227.17,229.04,226.568,227.229,225.67,227.521,226.935,226.073,55.545,-0.218,1.161,1.105,0.056,225.67,4.158,233.986,217.354,4.225,985700940.0,-0.065
2024-10-11,$227.55,31759190,229.3,229.41,227.34,227.55,226.718,227.205,225.922,227.531,227.047,226.213,53.067,-0.651,1.138,1.112,0.026,225.922,4.108,234.138,217.706,4.112,953941750.0,-0.017
2024-10-14,$231.30,39882090,228.7,231.73,228.6,231.3,228.64,227.035,226.671,228.787,227.82,226.698,58.13,1.648,1.407,1.171,0.236,226.671,3.599,233.869,219.473,4.152,993823840.0,0.565
2024-10-15,$233.85,64751370,233.61,237.49,232.37,233.85,230.256,227.799,227.524,230.475,228.916,227.379,61.196,1.102,1.805,1.298,0.507,227.524,3.125,233.774,221.274,4.355,1058575210.0,-0.218
2024-10-16,$231.78,34082240,231.6,232.12,229.84,231.78,230.704,228.299,228.078,230.91,229.437,227.798,57.514,-0.885,1.931,1.424,0.507,228.078,2.817,233.712,222.444,4.421,1024492970.0,0.883
2024-10-17,$232.15,32993810,233.43,233.85,230.52,232.15,231.326,228.947,228.242,231.323,229.93,228.212,58.001,0.16,2.037,1.547,0.49,228.242,2.957,234.156,222.328,4.5,1057486780.0,-0.234
2024-10-18,$235.00,46431470,236.18,236.18,234.01,235.0,232.816,229.767,228.583,232.549,230.852,228.859,61.643,1.228,2.324,1.702,0.622,228.583,3.321,235.225,221.941,4.416,1103918250.0,-0.842
2024-10-21,$236.48,36254470,234.45,236.85,234.45,236.48,233.852,231.246,229.083,233.859,231.875,229.585,63.417,0.63,2.641,1.89,0.751,229.083,3.716,236.515,221.651,3.926,1140172720.0,-0.156
2024-10-22,$235.86,38846580,233.885,236.22,232.6,235.86,234.254,232.255,229.508,234.526,232.6,230.182,62.121,-0.262,2.809,2.074,0.735,229.508,3.985,237.478,221.538,3.892,1101326140.0,0.326
2024-10-23,$230.76,52286980,234.08,235.144,227.76,230.76,234.05,232.377,229.727,233.271,232.265,230.237,52.597,-2.162,2.503,2.16,0.343,229.727,3.924,237.575,221.879,4.222,1049039160.0,0.008
2024-10-24,$230.57,31109500,229.98,230.82,228.41,230.57,233.734,232.53,229.88,232.371,231.957,230.269,52.275,-0.082,2.219,2.172,0.047,229.88,3.893,237.666,222.094,4.118,1017929660.0,0.149
2024-10-25,$231.41,38802300,229.74,233.22,229.57,231.41,233.016,232.916,230.06,232.05,231.858,230.378,53.625,0.364,2.038,2.145,-0.107,230.06,3.875,237.81,222.31,3.988,1056731960.0,0.403
2024-10-28,$233.40,36087130,233.32,234.73,232.55,233.4,232.4,233.126,230.08,232.5,232.138,230.666,56.746,0.86,2.032,2.122,-0.09,230.08,3.892,237.864,222.296,3.919,1092819090.0,-0.181
2024-10-29,$233.67,35417250,233.1,234.325,232.32,233.67,231.962,233.108,230.454,232.89,232.417,230.952,57.167,0.116,2.025,2.103,-0.078,230.454,3.859,238.172,222.736,3.71,1128236340.0,0.069
2024-10-30,$230.10,47070910,232.61,233.47,229.55,230.1,231.83,232.94,230.62,231.96,231.995,230.871,50.205,-1.528,1.712,2.025,-0.313,230.62,3.762,238.144,223.096,3.835,1081165430.0,-0.16
2024-10-31,$225.91,64370090,229.34,229.83,225.37,225.91,230.898,232.316,230.632,229.943,230.889,230.398,43.508,-1.821,1.114,1.843,-0.729,230.632,3.746,238.124,223.14,4.025,1016795340.0,-0.475
2024-11-01,$222.91,65276740,220.965,225.35,220.27,222.91,229.198,231.107,230.437,227.599,229.438,229.685,39.451,-1.328,0.392,1.552,-1.16,230.437,4.045,238.527,222.347,4.13,951518600.0,-0.864
2024-11-04,$222.01,44944470,220.99,222.79,219.71,222.01,226.92,229.66,230.453,225.736,228.088,228.954,38.297,-0.404,-0.249,1.192,-1.441,230.453,4.009,238.471,222.435,3.916,906574130.0,0.182
2024-11-05,$223.45,28111340,221.795,223.95,221.14,223.45,224.876,228.419,230.337,224.974,227.244,228.43,41.257,0.649,-0.634,0.827,-1.461,230.337,4.181,238.699,221.975,3.83,934685470.0,0.25
2024-11-06,$222.72,54561120,222.61,226.065,221.19,222.72,223.4,227.615,229.996,224.223,226.422,227.886,40.204,-0.327,-0.986,0.464,-1.45,229.996,4.514,239.024,220.968,3.941,880124350.0,0.059
2024-11-07,$227.48,42137690,224.625,227.875,224.57,227.48,223.714,227.306,229.918,225.308,226.614,227.847,49.293,2.137,-0.871,0.197,-1.068,229.918,4.545,239.008,220.828,4.021,922262040.0,0.282
2024-11-08,$226.96,38328820,227.17,228.66,226.405,226.96,224.524,226.861,229.888,225.859,226.677,227.763,48.427,-0.229,-0.813,-0.005,-0.808,229.888,4.563,239.014,220.762,4.011,883933220.0,-0.405
2024-11-11,$224.23,42005600,225.0,225.7,221.5,224.23,224.968,225.944,229.535,225.316,226.232,227.426,44.052,-1.203,-0.976,-0.199,-0.777,229.535,4.719,238.973,220.097,4.124,841927620.0,-0.223
2024-11-12,$224.23,40398300,224.55,225.59,223.355,224.23,225.124,225.0,229.054,224.954,225.868,227.122,44.052,0.0,-1.092,-0.378,-0.714,229.054,4.747,238.548,219.56,3.705,841927620.0,-0.212
2024-11-13,$225.12,48566220,224.01,226.65,222.76,225.12,225.604,224.502,228.721,225.009,225.732,226.931,45.9,0.397,-1.1,-0.522,-0.578,228.721,4.779,238.279,219.163,3.81,890493840.0,0.076
2024-11-14,$228.22,44923940,225.02,228.87,225.0,228.22,225.752,224.733,228.524,226.08,226.184,227.054,51.864,1.377,-0.846,-0.587,-0.259,228.524,4.711,237.946,219.102,3.826,935417780.0,0.366
2024-11-15,$225.00,47923700,226.4,226.92,224.27,225.0,225.36,224.942,228.024,225.72,225.969,226.858,46.17,-1.411,-0.895,-0.649,-0.246,228.024,4.514,237.052,218.996,3.871,887494080.0,-0.115
2024-11-18,$228.02,44686020,225.25,229.74,225.17,228.02,226.118,225.543,227.602,226.486,226.342,226.969,51.544,1.342,-0.681,-0.655,-0.026,227.602,4.052,235.706,219.498,4.066,932180100.0,-0.115
2024-11-19,$228.28,36211770,226.98,230.16,226.66,228.28,226.928,226.026,227.222,227.084,226.694,227.094,51.988,0.114,-0.486,-0.621,0.135,227.222,3.565,234.352,220.092,4.022,968391870.0,0.257
2024-11-20,$229.00,35169570,228.06,229.93,225.89,229.0,227.704,226.654,227.135,227.723,227.114,227.275,53.266,0.315,-0.27,-0.551,0.281,227.135,3.494,234.123,220.147,3.973,1003561440.0,-0.684
2024-11-21,$228.52,42108330,228.88,230.155,225.71,228.52,227.764,226.758,227.032,227.989,227.369,227.394,52.267,-0.21,-0.136,-0.468,0.332,227.032,3.417,233.866,220.198,3.888,961453110.0,-0.02
2024-11-22,$229.87,38168250,228.06,230.72,228.06,229.87,228.738,227.049,226.955,228.616,227.824,227.63,54.833,0.591,0.079,-0.359,0.438,226.955,3.329,233.613,220.297,3.849,999621360.0,-0.262
2024-11-25,$232.87,90152830,231.46,233.245,229.74,232.87,229.708,227.913,226.929,230.034,228.741,228.129,59.98,1.305,0.485,-0.19,0.675,226.929,3.277,233.483,220.375,3.899,1089774190.0,0.558
2024-11-26,$235.06,45986190,233.33,235.57,233.33,235.06,231.064,228.996,226.998,231.709,229.89,228.789,63.271,0.94,0.973,0.043,0.93,226.998,3.438,233.874,220.122,3.743,1135760380.0,0.523
2024-11-27,$234.93,33498440,234.465,235.69,233.81,234.93,232.25,229.977,227.24,232.783,230.807,229.374,62.94,-0.055,1.333,0.301,1.032,227.24,3.816,234.872,219.608,3.509,1102261940.0,0.272
2024-11-29,$237.33,28481380,234.805,237.81,233.97,237.33,234.012,230.888,227.81,234.299,231.993,230.132,66.43,1.022,1.792,0.599,1.193,227.81,4.414,236.638,218.982,3.623,1130743320.0,-0.028
2024-12-02,$239.59,48137100,237.27,240.79,237.16,239.59,235.956,232.347,228.645,236.062,233.374,231.032,69.357,0.952,2.311,0.941,1.37,228.645,4.979,238.603,218.687,3.492,1178880420.0,0.222
2024-12-03,$242.65,38861020,239.81,242.76,238.9,242.65,237.912,233.81,229.676,238.258,235.061,232.139,72.812,1.277,2.936,1.34,1.596,229.676,5.628,240.932,218.42,3.608,1217741440.0,0.29
2024-12-04,$243.01,44383940,242.87,244.11,241.25,243.01,239.502,235.283,230.654,239.842,236.506,233.174,73.195,0.148,3.42,1.756,1.664,230.654,6.164,242.982,218.326,3.534,1262125380.0,-0.137
2024-12-05,$243.04,40033880,243.99,244.54,242.13,243.04,241.124,236.687,231.67,240.908,237.694,234.114,73.229,0.012,3.763,2.158,1.605,231.67,6.455,244.58,218.76,3.43,1302159260.0,0.163
2024-12-06,$242.84,36870620,242.905,244.63,242.08,242.84,242.226,238.119,232.439,241.552,238.63,234.945,72.571,-0.082,3.973,2.521,1.452,232.439,6.833,246.105,218.773,3.33,1265288640.0,0.109
2024-12-09,$246.75,44649230,241.83,247.24,241.75,246.75,243.658,239.807,233.428,243.285,240.106,236.069,76.934,1.61,4.405,2.898,1.507,233.428,7.406,248.24,218.616,3.384,1309937870.0,-0.203
2024-12-10,$247.77,36914810,246.89,248.21,245.34,247.77,244.682,241.297,234.605,244.78,241.499,237.183,77.921,0.413,4.773,3.273,1.5,234.605,7.731,250.067,219.143,3.339,1346852680.0,0.24
2024-12-11,$246.49,45205810,247.96,250.8,246.26,246.49,245.378,242.44,235.718,245.35,242.407,238.07,73.663,-0.517,4.906,3.599,1.307,235.718,7.761,251.24,220.196,3.374,1301646870.0,0.168
2024-12-12,$247.96,32777530,246.89,248.74,245.68,247.96,246.362,243.743,236.86,246.22,243.416,239.012,75.33,0.596,5.071,3.894,1.177,236.86,7.8,252.46,221.26,3.275,1334424400.0,0.656
2024-12-13,$248.13,33155290,247.815,249.29,246.24,248.13,247.42,244.823,237.855,246.857,244.273,239.88,75.523,0.069,5.156,4.146,1.01,237.855,7.909,253.673,222.037,3.303,1367579690.0,-0.158
2024-12-16,$251.04,51694750,247.99,251.38,247.65,251.04,248.278,245.968,239.157,248.251,245.504,240.943,78.608,1.173,5.397,4.396,1.001,239.157,7.824,254.805,223.509,3.319,1419274440.0,0.114
2024-12-17,$253.48,51356360,250.08,253.83,249.78,253.48,249.42,247.051,240.431,249.994,246.954,242.137,80.794,0.972,5.718,4.661,1.057,240.431,7.986,256.403,224.459,3.416,1470630800.0,-0.184
2024-12-18,$248.05,56774100,252.16,254.28,247.74,248.05,249.732,247.555,241.419,249.346,247.153,242.7,64.901,-2.142,5.471,4.823,0.648,241.419,7.618,256.655,226.183,3.749,1413856700.0,-0.272
2024-12-19,$249.79,60882260,247.5,252.0,247.095,249.79,250.098,248.23,242.459,249.494,247.633,243.375,67.132,0.701,5.355,4.929,0.426,242.459,7.244,256.947,227.971,3.825,1474738960.0,-0.206
2024-12-20,$254.49,147495300,248.04,255.0,245.69,254.49,251.37,249.395,243.757,251.159,248.879,244.434,72.261,1.882,5.577,5.059,0.518,243.757,6.935,257.627,229.887,4.23,1622234260.0,-0.099
2024-12-23,$255.27,40858770,254.77,255.65,253.45,255.27,252.216,250.247,245.027,252.53,250.041,245.466,73.014,0.306,5.75,5.197,0.553,245.027,6.574,258.175,231.879,4.112,1663093030.0,-0.084
2024-12-24,$258.20,23234710,255.49,258.21,255.29,258.2,253.16,251.29,246.294,254.42,251.525,246.679,75.683,1.148,6.054,5.368,0.686,246.294,6.548,259.39,233.198,4.117,1686327740.0,0.102
2024-12-26,$259.02,27262980,258.19,260.1,257.63,259.02,255.354,252.543,247.492,255.953,252.888,247.854,76.387,0.318,6.288,5.552,0.736,247.492,6.577,260.646,234.338,4.122,1713590720.0,-0.236
2024-12-27,$255.59,42355320,257.83,258.7,253.06,255.59,256.514,253.306,248.524,255.832,253.379,248.591,67.575,-1.324,6.126,5.667,0.459,248.524,6.106,260.736,236.312,4.365,1671235400.0,-0.582
2024-12-30,$252.20,35557540,252.23,253.5,250.75,252.2,256.056,253.713,249.268,254.621,253.165,248.935,60.185,-1.326,5.659,5.665,-0.006,249.268,5.551,260.37,238.166,4.319,1635677860.0,0.104
2024-12-31,$250.42,39480720,252.44,253.28,249.43,250.42,255.086,253.651,249.81,253.221,252.666,249.076,56.681,-0.706,5.087,5.55,-0.463,249.81,5.064,259.938,239.682,4.389,1596197140.0,-0.684
2025-01-02,$243.85,55740730,248.93,249.1,241.82,243.85,252.216,252.688,249.87,250.097,251.063,248.578,46.026,-2.624,4.057,5.251,-1.194,249.87,4.981,259.832,239.908,4.679,1540456410.0,-0.744
2025-01-03,$243.36,40244110,243.36,244.18,241.89,243.36,249.084,252.219,249.887,247.852,249.662,248.081,45.342,-0.201,3.164,4.834,-1.67,249.887,4.956,259.799,239.975,4.624,1500212300.0,-0.28
2025-01-06,$245.00,45045570,244.31,247.33,243.2,245.0,246.966,251.74,249.985,246.901,248.815,247.788,48.123,0.674,2.559,4.379,-1.82,249.985,4.831,259.647,240.323,4.701,1545257870.0,0.065
2025-01-07,$242.21,40855960,242.98,245.55,241.35,242.21,244.968,250.512,249.954,245.337,247.614,247.257,44.019,-1.139,1.834,3.87,-2.036,249.954,4.882,259.718,240.19,4.735,1504401910.0,-0.387
2025-01-08,$242.70,37628940,241.92,243.712,240.05,242.7,243.424,249.255,249.751,244.458,246.72,246.823,44.908,0.202,1.284,3.353,-2.069,249.751,5.101,259.953,239.549,4.707,1542030850.0,0.269
2025-01-10,$236.85,61710860,240.01,240.16,233.0,236.85,242.024,247.12,249.205,241.922,244.926,245.873,37.297,-2.41,0.371,2.756,-2.385,249.205,5.853,260.911,237.499,4.933,1480319990.0,-0.554
2025-01-13,$234.40,49630730,233.53,234.67,229.72,234.4,240.232,244.658,248.6,239.415,243.012,244.78,34.649,-1.034,-0.543,2.096,-2.639,248.6,6.71,262.02,235.18,5.092,1430689260.0,0.076
2025-01-14,$233.28,39435290,234.75,236.12,232.472,233.28,237.888,242.427,247.866,237.37,241.243,243.685,33.478,-0.478,-1.343,1.409,-2.752,247.866,7.536,262.938,232.794,4.687,1391253970.0,0.004
2025-01-15,$237.87,39831970,234.635,238.96,234.43,237.87,237.02,240.994,247.354,237.537,240.629,243.131,42.108,1.968,-1.588,0.809,-2.397,247.354,7.859,263.072,231.636,4.936,1431085940.0,-0.143
2025-01-16,$228.26,71759050,237.35,238.01,228.03,228.26,234.132,238.778,246.214,234.444,238.38,241.715,32.579,-4.04,-2.528,0.142,-2.67,246.214,8.881,263.976,228.452,5.439,1359326890.0,0.008
2025-01-17,$229.98,68488300,232.115,232.29,228.48,229.98,232.758,237.391,245.04,232.956,236.853,240.597,35.397,0.754,-3.099,-0.506,-2.593,245.04,9.408,263.856,226.224,5.55,1427815190.0,0.097
2025-01-21,$222.64,98070430,224.0,224.42,219.38,222.64,230.406,235.319,243.769,229.518,234.269,238.887,29.693,-3.192,-4.096,-1.224,-2.872,243.769,10.618,265.005,222.533,5.881,1329744760.0,0.024
2025-01-22,$223.83,64126500,219.79,224.12,219.79,223.83,228.516,233.202,242.471,227.622,232.371,237.453,31.617,0.534,-4.736,-1.927,-2.809,242.471,11.401,265.273,219.669,5.845,1393871260.0,0.874
2025-01-23,$223.66,60234760,224.74,227.03,222.3,223.66,225.674,231.347,240.93,226.301,230.787,236.139,31.484,-0.076,-5.197,-2.581,-2.616,240.93,11.769,264.468,217.392,5.908,1333636500.0,-0.204
2025-01-24,$222.78,54697910,224.78,225.63,221.41,222.78,224.578,229.355,239.305,225.127,229.331,234.867,30.765,-0.393,-5.569,-3.178,-2.391,239.305,11.927,263.159,215.451,5.595,1278938590.0,0.065
2025-01-27,$229.86,94863420,224.02,232.15,223.98,229.86,224.554,228.656,237.888,226.705,229.427,234.39,42.202,3.178,-5.233,-3.589,-1.644,237.888,11.227,260.342,215.434,6.101,1373802010.0,-0.083
2025-01-28,$238.26,75707570,230.85,240.19,230.81,238.26,227.678,229.042,236.85,230.557,231.033,234.759,52.274,3.654,-4.239,-3.719,-0.52,236.85,10.07,256.99,216.71,6.544,1449509580.0,0.162
2025-01-29,$239.36,45486100,234.12,239.855,234.01,239.36,230.784,229.65,236.039,233.491,232.547,235.197,53.419,0.462,-3.324,-3.64,0.316,236.039,9.086,254.211,217.867,6.661,1494995680.0,-0.118
2025-01-30,$237.59,55658280,238.665,240.79,237.21,237.59,233.57,229.622,235.308,234.857,233.464,235.425,51.287,-0.739,-2.711,-3.454,0.743,235.308,8.269,251.846,218.77,6.655,1439337400.0,-0.084
2025-01-31,$236.00,101075100,247.19,247.19,233.44,236.0,236.214,230.396,234.587,235.238,233.925,235.48,49.381,-0.669,-2.327,-3.229,0.902,234.587,7.472,249.531,219.643,6.944,1338262300.0,0.166
2025-02-03,$228.01,73063300,229.99,231.83,225.7,228.01,235.844,230.199,233.795,232.829,232.85,234.768,41.111,-3.386,-2.637,-3.111,0.474,233.795,7.276,248.347,219.243,7.171,1265199000.0,-0.075
2025-02-04,$232.80,45067300,227.25,233.13,226.65,232.8,234.752,231.215,233.267,232.819,232.841,234.581,46.857,2.101,-2.467,-2.982,0.515,233.267,6.92,247.107,219.427,7.373,1310266300.0,-0.195
2025-02-05,$232.47,39664990,228.53,232.67,228.27,232.47,233.374,232.079,232.641,232.703,232.773,234.38,46.52,-0.142,-2.332,-2.852,0.52,232.641,6.345,245.331,219.951,7.291,1270601310.0,-0.193
2025-02-06,$233.22,29925350,231.285,233.8,230.425,233.22,232.5,233.035,232.191,232.875,232.854,234.269,47.445,0.323,-2.14,-2.709,0.569,232.191,5.936,244.063,220.319,6.819,1300526660.0,0.144
2025-02-07,$227.63,39707220,232.6,234.0,227.26,227.63,230.826,233.52,231.438,231.127,231.905,233.637,41.663,-2.397,-2.412,-2.65,0.238,231.438,5.47,242.378,220.498,7.013,1260819440.0,0.074
2025-02-10,$227.65,33115650,229.57,230.585,227.2,227.65,230.754,233.299,230.978,229.968,231.131,233.067,41.691,0.009,-2.595,-2.639,0.044,230.978,5.377,241.732,220.224,6.498,1293935090.0,-0.093
2025-02-11,$232.62,53718360,228.2,235.23,228.13,232.62,230.718,232.735,230.889,230.852,231.402,233.024,48.197,2.183,-2.313,-2.574,0.261,230.889,5.332,241.553,220.225,6.73,1347653450.0,0.876
2025-02-12,$236.87,45243290,231.2,236.96,230.68,236.87,231.598,232.486,231.068,232.858,232.396,233.391,53.023,1.827,-1.726,-2.404,0.678,231.068,5.476,242.02,220.116,6.84,1392896740.0,-0.081
2025-02-13,$241.53,53614050,236.91,242.34,235.57,241.53,233.26,232.88,231.251,235.749,234.057,234.166,57.68,1.967,-0.875,-2.098,1.223,231.251,5.768,242.787,219.715,7.022,1446510790.0,0.099
2025-02-14,$244.60,40896230,241.25,245.55,240.99,244.6,236.654,233.74,232.068,238.699,235.974,235.159,60.46,1.271,0.047,-1.669,1.716,232.068,6.44,244.948,219.188,6.679,1487407020.0,0.553
2025-02-18,$244.47,48822490,244.15,245.18,241.84,244.47,240.018,235.386,232.793,240.623,237.518,236.046,60.28,-0.053,0.758,-1.184,1.942,232.793,6.985,246.763,218.823,6.18,1438584530.0,0.636
2025-02-19,$244.87,32204220,244.66,246.01,243.16,244.87,242.468,236.593,233.904,242.038,238.855,236.887,60.669,0.164,1.338,-0.679,2.017,233.904,7.053,248.01,219.798,5.966,1470788750.0,-0.05
2025-02-20,$245.83,32316910,244.94,246.78,244.29,245.83,244.26,237.929,235.004,243.302,240.123,237.738,61.641,0.392,1.854,-0.173,2.027,235.004,7.114,249.232,220.776,5.888,1503105660.0,0.164
2025-02-21,$245.55,53197430,245.95,248.69,245.22,245.55,245.064,239.162,236.098,244.052,241.11,238.482,61.166,-0.114,2.215,0.305,1.91,236.098,6.959,250.016,222.18,5.154,1449908230.0,0.218
2025-02-24,$247.10,51326400,244.925,248.86,244.42,247.1,245.564,241.109,237.314,245.068,242.199,239.303,62.87,0.631,2.596,0.763,1.833,237.314,6.626,250.566,224.062,4.735,1501234630.0,0.09
2025-02-25,$247.04,48013270,248.0,250.0,244.91,247.04,246.078,243.048,238.174,245.725,243.079,240.04,62.756,-0.024,2.86,1.182,1.678,238.174,6.722,251.618,224.73,4.636,1453221360.0,0.147
2025-02-26,$240.36,44433560,244.33,244.98,239.13,240.36,245.176,243.822,238.279,243.937,242.585,240.07,51.482,-2.704,2.502,1.446,1.056,238.279,6.74,251.759,224.799,4.877,1408787800.0,0.041
2025-02-27,$237.30,41153640,239.41,242.46,237.06,237.3,243.47,243.865,238.175,241.725,241.624,239.807,47.291,-1.273,1.949,1.547,0.402,238.175,6.738,251.651,224.699,5.022,1367634160.0,-0.033
2025-02-28,$241.84,56833360,236.95,242.09,230.2,241.84,242.728,243.896,238.388,241.763,241.663,240.0,53.358,1.913,1.855,1.608,0.247,238.388,6.786,251.96,224.816,5.39,1424467520.0,0.968
2025-03-03,$238.03,47183990,241.79,244.027,236.112,238.03,240.914,243.239,238.49,240.519,241.003,239.813,48.33,-1.575,1.457,1.578,-0.121,238.49,6.763,252.016,224.964,5.713,1377283530.0,0.006
2025-03-04,$235.93,53798060,237.705,240.07,234.68,235.93,238.692,242.385,238.886,238.989,240.08,239.443,45.77,-0.882,0.96,1.455,-0.495,238.886,6.336,251.558,226.214,5.557,1323485470.0,-0.158
2025-03-05,$235.74,47227640,235.42,236.55,229.23,235.74,237.768,241.472,239.032,237.906,239.291,239.09,45.535,-0.081,0.545,1.273,-0.728,239.032,6.22,251.472,226.592,5.631,1276257830.0,0.225
2025-03-06,$235.33,45170420,234.435,237.86,233.158,235.33,237.374,240.422,239.176,237.047,238.571,238.732,44.998,-0.174,0.181,1.054,-0.873,239.176,6.093,251.362,226.99,5.483,1231087410.0,-0.594
2025-03-07,$239.07,46273570,235.105,241.37,234.76,239.07,236.82,239.774,239.468,237.722,238.662,238.764,50.708,1.589,0.192,0.882,-0.69,239.468,5.93,251.328,227.608,5.63,1277360980.0,-0.225
2025-03-10,$227.48,72071200,235.54,236.16,224.22,227.48,234.71,237.812,239.46,234.308,236.629,237.69,37.661,-4.848,-0.726,0.56,-1.286,239.46,5.946,251.352,227.568,6.452,1205289780.0,-0.098
2025-03-11,$220.84,76137410,223.805,225.84,217.45,220.84,231.692,235.192,239.12,229.818,233.758,236.085,32.501,-2.919,-1.966,0.055,-2.021,239.12,6.793,252.706,225.534,6.965,1129152370.0,-0.985
2025-03-12,$216.98,62547470,220.14,221.75,214.91,216.98,227.94,232.854,238.338,225.539,230.707,234.265,29.934,-1.748,-3.224,-0.601,-2.623,238.338,8.311,254.96,221.716,7.276,1066604900.0,-0.136
2025-03-13,$209.68,61368330,215.95,216.839,208.42,209.68,222.81,230.092,236.978,220.253,226.884,231.924,25.786,-3.364,-4.755,-1.432,-3.323,236.978,10.499,257.976,215.98,7.639,1005236570.0,-0.577
2025-03-14,$213.49,60107580,211.25,213.95,209.58,213.49,217.694,227.257,235.577,217.998,224.449,230.168,31.149,1.817,-5.596,-2.264,-3.332,235.577,11.667,258.911,212.243,7.634,1065344150.0,0.032
2025-03-17,$214.00,48073430,213.31,215.22,209.97,214.0,214.998,224.854,234.046,216.666,222.549,228.628,31.859,0.239,-6.151,-3.042,-3.109,234.046,12.404,258.854,209.238,7.646,1113417580.0,-0.1
2025-03-18,$212.69,42432430,214.16,215.15,211.49,212.69,213.368,222.53,232.458,215.34,220.757,227.11,30.975,-0.612,-6.62,-3.757,-2.863,232.458,13.019,258.496,206.42,7.342,1070985150.0,0.814
2025-03-19,$215.24,54385390,214.22,218.76,213.75,215.24,213.02,220.48,230.976,215.307,219.754,225.98,34.767,1.199,-6.708,-4.348,-2.36,230.976,13.217,257.41,204.542,7.39,1125370540.0,-0.266
2025-03-20,$214.10,48862950,213.99,217.49,212.22,214.1,213.904,218.357,229.39,214.905,218.726,224.849,33.871,-0.53,-6.792,-4.836,-1.956,229.39,13.244,255.878,202.902,6.917,1076507590.0,0.762
2025-03-21,$218.27,94127770,211.56,218.84,211.28,218.27,214.86,216.277,228.025,216.026,218.643,224.222,39.965,1.948,-6.448,-5.159,-1.289,228.025,12.892,253.809,202.241,6.892,1170635360.0,0.079
2025-03-24,$220.73,44299480,221.0,221.48,218.58,220.73,216.206,215.602,226.707,217.594,219.022,223.889,43.285,1.127,-5.908,-5.309,-0.599,226.707,12.167,251.041,202.373,6.736,1214934840.0,-0.163
2025-03-25,$223.75,34493580,220.77,224.1,220.08,223.75,218.418,215.893,225.543,219.646,219.882,223.876,47.149,1.368,-5.177,-5.282,0.105,225.543,11.194,247.931,203.155,6.5,1249428420.0,0.228
2025-03-26,$221.53,34532660,223.51,225.02,220.47,221.53,219.676,216.348,224.601,220.274,220.182,223.653,44.736,-0.992,-4.723,-5.17,0.447,224.601,10.661,245.923,203.279,6.489,1214895760.0,-0.125
2025-03-27,$223.85,37094770,221.39,224.99,220.56,223.85,221.626,217.765,223.929,221.466,220.849,223.671,47.746,1.047,-4.128,-4.962,0.834,223.929,10.234,244.397,203.461,6.334,1251990530.0,-0.111
2025-03-28,$217.90,39818620,221.67,223.81,217.68,217.9,221.552,218.206,222.732,220.277,220.312,223.122,41.503,-2.658,-4.089,-4.787,0.698,222.732,9.394,241.52,203.944,5.714,1212171910.0,0.084
2025-03-31,$222.13,65299320,217.005,225.62,216.23,222.13,221.832,219.019,221.937,220.895,220.643,223.027,46.826,1.941,-3.675,-4.565,0.89,221.937,8.677,239.291,204.583,5.668,1277471230.0,0.045
2025-04-01,$223.19,36412740,219.805,223.68,218.9,223.19,221.72,220.069,221.3,221.66,221.106,223.043,48.101,0.477,-3.224,-4.297,1.073,221.3,8.04,237.38,205.22,5.521,1313883970.0,-0.261
2025-04-02,$223.89,35905900,221.315,225.19,221.02,223.89,222.192,220.934,220.707,222.403,221.612,223.124,48.97,0.314,-2.778,-3.993,1.215,220.707,7.324,235.355,206.059,5.207,1349789870.0,0.028
2025-04-03,$203.19,103419000,205.54,207.49,201.25,203.19,218.06,219.843,219.1,215.999,218.263,221.225,31.929,-9.246,-4.048,-4.004,-0.044,219.1,7.471,234.042,204.158,6.512,1246370870.0,-0.296
2025-04-04,$188.38,125910900,193.89,199.88,187.34,188.38,212.156,216.854,216.566,206.793,212.829,218.097,25.178,-7.289,-6.179,-4.439,-1.74,216.566,8.817,234.2,198.932,7.269,1120459970.0,0.151
2025-04-07,$181.46,160466300,177.2,194.15,174.62,181.46,204.022,212.927,214.264,198.348,207.126,214.608,22.757,-3.673,-8.33,-5.217,-3.113,214.264,11.435,237.134,191.394,8.403,959993670.0,0.185
2025-04-08,$172.42,120859500,186.7,190.335,169.21,172.42,193.868,207.794,211.844,189.706,200.816,210.59,20.045,-4.982,-10.641,-6.302,-4.339,211.844,14.645,241.134,182.554,9.478,839134170.0,0.272
2025-04-09,$198.85,184395900,171.95,200.61,171.89,198.85,188.86,205.526,210.937,192.754,200.458,209.472,41.859,15.329,-10.222,-7.086,-3.136,210.937,14.87,240.677,181.197,11.153,1023530070.0,0.507
2025-04-10,$190.42,121880000,189.065,194.78,183.0,190.42,186.306,202.183,209.974,191.976,198.633,207.657,38.273,-4.239,-10.45,-7.759,-2.691,209.974,15.563,241.1,178.848,11.745,901650070.0,0.259
2025-04-11,$198.15,87435920,186.1,199.54,186.06,198.15,188.26,200.208,209.207,194.034,198.545,206.752,43.088,4.059,-9.893,-8.186,-1.707,209.207,15.757,240.721,177.693,12.479,989085990.0,0.117
2025-04-14,$202.52,101352900,211.44,212.94,201.162,202.52,192.472,198.247,208.633,196.863,199.268,206.349,45.669,2.205,-8.995,-8.347,-0.648,208.633,15.782,240.197,177.069,13.248,1090438890.0,0.249
2025-04-15,$202.14,51343870,201.855,203.51,199.8,202.14,198.416,196.142,208.105,198.622,199.79,205.948,45.476,-0.188,-8.219,-8.322,0.103,208.105,15.816,239.737,176.473,13.188,1039095020.0,-0.171
2025-04-16,$194.27,59732420,198.36,200.7,192.37,194.27,197.5,193.18,207.057,197.171,198.787,204.836,41.557,-3.893,-8.146,-8.287,0.141,207.057,16.012,239.081,175.033,13.57,979362600.0,-0.236
2025-04-17,$196.98,52164680,197.2,198.834,194.42,196.98,198.812,192.559,206.201,197.107,198.458,204.088,43.366,1.395,-7.779,-8.185,0.406,206.201,16.073,238.347,174.055,13.455,1031527280.0,-0.059
2025-04-21,$193.16,46742540,193.265,193.8,189.811,193.16,197.814,193.037,204.945,195.792,197.495,203.047,41.419,-1.939,-7.708,-8.09,0.382,204.945,16.061,237.067,172.823,13.296,984784740.0,-0.988
2025-04-22,$199.74,52976370,196.12,201.59,195.97,199.74,197.258,194.865,203.896,197.108,197.903,202.732,45.923,3.407,-7.039,-7.88,0.841,203.896,15.656,235.208,172.584,13.557,1037761110.0,0.055
2025-04-23,$204.60,52929170,206.0,208.0,202.799,204.6,197.75,198.083,202.938,199.605,199.121,202.91,49.04,2.433,-6.048,-7.513,1.465,202.938,14.948,232.834,173.042,13.849,1090690280.0,-0.002
2025-04-24,$208.37,47310990,204.89,208.83,202.94,208.37,200.57,199.035,202.281,202.527,200.802,203.43,51.381,1.843,-4.901,-6.991,2.09,202.281,14.365,231.011,173.551,12.653,1138001270.0,0.136
2025-04-25,$209.28,38222260,206.365,209.75,206.2,209.28,203.03,200.921,201.552,204.778,202.344,203.987,51.954,0.437,-3.874,-6.367,2.493,201.552,13.56,228.672,174.432,11.774,1176223530.0,0.084
2025-04-28,$210.14,38743070,210.0,211.5,207.46,210.14,206.426,202.12,201.164,206.565,203.761,204.573,52.524,0.411,-2.957,-5.685,2.728,201.164,13.173,227.51,174.818,10.668,1214966600.0,0.401
2025-04-29,$211.21,36827630,208.693,212.24,208.37,211.21,208.72,202.989,200.618,208.113,205.116,205.205,53.267,0.509,-2.119,-4.972,2.853,200.618,12.466,225.55,175.686,9.435,1251794230.0,0.163
2025-04-30,$212.50,52286450,209.3,213.58,206.67,212.5,210.3,204.025,200.084,209.576,206.458,205.9,54.198,0.611,-1.336,-4.245,2.909,200.084,11.65,223.384,176.784,7.877,1304080680.0,-0.186
2025-05-01,$213.32,57365680,209.08,214.56,208.9,213.32,211.29,205.93,199.555,210.824,207.706,206.607,54.814,0.386,-0.642,-3.524,2.882,199.555,10.715,220.985,178.125,7.149,1361446360.0,0.0
2025-05-02,$205.35,101010600,206.09,206.99,202.16,205.35,210.504,206.767,199.663,208.999,207.277,206.487,48.05,-3.736,-0.726,-2.965,2.239,199.663,10.764,221.191,178.135,6.984,1260435760.0,-0.04
2025-05-05,$198.89,69018450,203.1,204.1,198.21,198.89,208.254,207.34,200.188,205.629,205.752,205.763,43.377,-3.146,-1.299,-2.632,1.333,200.188,10.436,221.06,179.316,6.437,1191417310.0,-0.225
2025-05-06,$198.51,51216480,198.21,200.65,197.02,198.51,205.714,207.217,201.041,203.256,204.436,205.073,43.111,-0.191,-1.764,-2.458,0.694,201.041,9.478,219.997,182.085,6.432,1140200830.0,0.079
2025-05-07,$196.25,68616940,199.17,199.44,193.25,196.25,202.464,206.382,202.233,200.921,202.947,204.232,41.485,-1.138,-2.288,-2.424,0.136,202.233,6.814,215.861,188.605,6.176,1071583890.0,0.529
2025-05-08,$197.49,50478870,197.72,200.05,194.68,197.49,199.298,205.294,202.164,199.777,201.955,203.59,42.761,0.632,-2.574,-2.454,-0.12,202.164,6.856,215.876,188.452,6.234,1122062760.0,0.208
2025-05-09,$198.53,36453920,199.0,200.54,197.535,198.53,197.934,204.219,202.57,199.361,201.332,203.108,43.867,0.527,-2.685,-2.5,-0.185,202.57,6.346,215.262,189.878,5.939,1158516680.0,-0.048
2025-05-12,$210.79,63775810,210.97,211.268,206.75,210.79,200.314,204.284,203.202,203.171,203.052,203.84,54.922,6.175,-1.764,-2.353,0.589,203.202,6.51,216.222,190.182,6.247,1222292490.0,-0.229
2025-05-13,$212.93,51909330,210.43,213.4,209.0,212.93,203.198,204.456,203.723,206.424,204.848,204.706,56.532,1.015,-0.852,-2.053,1.201,203.723,6.859,217.441,190.005,5.971,1274201820.0,0.111
2025-05-14,$212.33,49325830,212.43,213.94,210.58,212.33,206.414,204.439,204.232,208.393,206.208,205.432,55.929,-0.282,-0.175,-1.677,1.502,204.232,7.109,218.45,190.014,5.791,1224875990.0,0.562
2025-05-15,$211.45,45029470,210.95,212.96,209.54,211.45,209.206,204.252,205.091,209.412,207.161,206.005,55.002,-0.414,0.287,-1.284,1.571,205.091,6.876,218.843,191.339,5.781,1179846520.0,-0.281
2025-05-16,$211.26,54737850,212.36,212.57,209.77,211.26,211.752,204.843,205.805,210.028,207.907,206.505,54.791,-0.09,0.631,-0.901,1.532,205.805,6.73,219.265,192.345,5.693,1125108670.0,-0.214
2025-05-19,$208.78,46140530,207.91,209.48,204.26,208.78,211.35,205.832,206.586,209.612,208.065,206.722,51.987,-1.174,0.695,-0.582,1.277,206.586,6.058,218.702,194.47,5.916,1078968140.0,-0.12
